<?xml version="1.0"?>
<!DOCTYPE hibernate-mapping PUBLIC "-//Hibernate/Hibernate Mapping DTD 3.0//EN"
"http://www.hibernate.org/dtd/hibernate-mapping-3.0.dtd">
<!-- Generated Nov 7, 2022 7:20:20 PM by Hibernate Tools 4.3.1 -->
<hibernate-mapping>
    <class name="com.qvote.model.Position" table="position" schema="public" optimistic-lock="version">
        <id name="code" type="string">
            <column name="code" length="5" />
            <generator class="assigned" />
        </id>
        <property name="positionName" type="string">
            <column name="position_name" length="100" not-null="true" />
        </property>
        <property name="mandateMonths" type="short">
            <column name="mandate_months" not-null="true" />
        </property>
        <property name="criteria" type="string">
            <column name="criteria" length="300" not-null="true" />
        </property>
    </class>
</hibernate-mapping>
